incident_name,incident_is_final,incident_date_last_update,incident_date_created,incident_administrative_unit,incident_administrative_unit_url,incident_county,incident_location,incident_acres_burned,incident_containment,incident_control,incident_cooperating_agencies,incident_longitude,incident_latitude,incident_type,incident_id,incident_url,incident_date_extinguished,incident_dateonly_extinguished,incident_dateonly_created,is_active,calfire_incident,notification_desired,DayAirTmpAvg,DayPrecip,DayRelHumAvg,DaySoilTmpAvg,DayWindSpdAvg
 Bridge Fire,Y,2018-01-09T13:46:00Z,2017-10-31T11:22:00Z, Shasta-Trinity National Forest ,,Shasta,"I-5 and Turntable Bay, 7 miles NE of Shasta Lake ",37.0,100.0,, Shasta-Trinity National Forest ,-122.309,40.774,,2ca11d45-8139-4c16-8af0-880d99b21e82,https://www.fire.ca.gov/incidents/2017/10/31/bridge-fire/,2018-01-09T13:46:00Z,2018-01-09,2017-10-31,N,False,False,,,,,
Pala Fire,Y,2020-09-16T14:07:35Z,2009-05-24T14:56:00Z,CAL FIRE San Diego Unit,,San Diego,"Hwy 76 and Pala Temecula, northwest of Pala",122.0,100.0,,CAL FIRE San Diego Unit,1.0,1.0,Wildfire,8f61f461-552d-4538-b186-35ab030da416,https://www.fire.ca.gov/incidents/2009/5/24/pala-fire/,2009-05-25T00:00:00Z,2009-05-25,2009-05-24,N,True,False,15.8,0.0,72.0,21.1,1.5
River Fire,Y,2022-10-24T11:39:23Z,2013-02-24T08:16:00Z,CAL FIRE San Bernardino Unit,,Inyo,"south of Narrow Gauge Rd & north of Hwy 136, east of Lone Pine",407.0,100.0,,"CAL FIRE San Bernardino Unit, Inyo County Sheriff, US Forest Service, BLM, LADWP, Lone Pine Volunteer Fire Department, Big Pine Volunteer Fire Department, Olancha Volunteer Fire Department, Independence Volunteer Fire Department.",-118.01651,36.602575,,094719ba-a47b-4abb-9ec5-a506b2b9fd23,https://www.fire.ca.gov/incidents/2013/2/24/river-fire/,2013-02-28T20:00:00Z,2013-02-28,2013-02-24,N,True,False,,,,,
Fawnskin Fire,Y,2013-04-22T09:00:00Z,2013-04-20T17:30:00Z,San Bernardino National Forest,,San Bernardino,"west of Delamar Mountain, north of the community of Fawnskin, northside of Big Bear Lake",30.0,100.0,,San Bernardino National Forest,-116.941311,34.288877,,58f89ff8-bd3e-4355-b1c0-8fa05c747d3f,https://www.fire.ca.gov/incidents/2013/4/20/fawnskin-fire/,2013-04-22T09:00:00Z,2013-04-22,2013-04-20,N,False,False,,,,,
Gold Fire,Y,2013-05-01T07:00:00Z,2013-04-30T12:59:00Z,CAL FIRE Madera-Mariposa-Merced Unit,,Madera,Between Road 210 and Road 200 near Fine Gold Creek in the community of O,274.0,100.0,,CAL FIRE Madera-Mariposa-Merced Unit,-119.635004,37.116295,,357ffc13-bef9-48eb-810f-c5de851972eb,https://www.fire.ca.gov/incidents/2013/4/30/gold-fire/,2013-05-01T07:00:00Z,2013-05-01,2013-04-30,N,True,False,20.7,0.0,39.0,21.0,2.9
Panther Fire,Y,2022-10-24T11:40:03Z,2013-05-01T09:12:00Z,CAL FIRE Butte Unit,,Tehama,"140K3 Line, 8 miles northwest of Butte Meadows",6896.0,100.0,,"CAL FIRE Butte Unit, CAL FIRE, USFS (Lassen and Plumas NF), CDCR, SPI, Collins Pine, Chico Fire Department",-121.595555,40.190062,,53122f0f-fefc-4dbf-b2d8-566b42ced66d,https://www.fire.ca.gov/incidents/2013/5/1/panther-fire/,2013-05-09T09:00:00Z,2013-05-09,2013-05-01,N,True,False,,,,,
Silverado Fire,Y,2013-05-01T17:15:00Z,2013-04-30T23:44:00Z,CAL FIRE Sonoma-Lake-Napa Unit,,Napa,"7300 block of Silverado Trail, north of Napa",75.0,100.0,,CAL FIRE Sonoma-Lake-Napa Unit,-122.350844,38.441792,,d8d1c943-7b5d-4885-9043-f41075d6eded,https://www.fire.ca.gov/incidents/2013/4/30/silverado-fire/,2013-05-01T17:15:00Z,2013-05-01,2013-04-30,N,True,False,18.4,0.0,51.0,17.4,1.9
Yellow Fire,Y,2013-05-03T06:15:00Z,2013-05-01T02:01:00Z,CAL FIRE Sonoma-Lake-Napa Unit,,Sonoma,"Hwy 128 & Yellow Jacket Ranch Rd in Knights Valley, northwest of Calistoga",125.0,100.0,,CAL FIRE Sonoma-Lake-Napa Unit,-122.655616,38.638828,,64e4f81e-d872-44c4-ba8d-111fa77124ba,https://www.fire.ca.gov/incidents/2013/5/1/yellow-fire/,2013-05-03T06:15:00Z,2013-05-03,2013-05-01,N,True,False,22.2,0.0,21.0,20.6,6.3
Summit Fire,Y,2022-10-24T11:40:42Z,2013-05-01T12:38:00Z,CAL FIRE/Riverside County Fire ,,Riverside,Mias Canyon and Bluff Road in Banning,2956.0,100.0,,CAL FIRE/Riverside County Fire ,-116.941311,34.288877,,a1b14be5-a8cf-4e40-8588-96becf4c5879,https://www.fire.ca.gov/incidents/2013/5/1/summit-fire/,2013-05-04T18:30:00Z,2013-05-04,2013-05-01,N,True,False,20.1,0.0,52.0,19.8,1.8
Tres Pinos Fire,Y,2013-05-03T18:45:00Z,2013-05-03T11:42:00Z,CAL FIRE San Benito-Monterey ,,San Benito,"Highway 25 and Horizon Rd, Community of Tres ",354.0,100.0,,CAL FIRE San Benito-Monterey ,-120.937494,37.160346,,ca68f3c4-4906-4952-b794-4531d7da8369,https://www.fire.ca.gov/incidents/2013/5/3/tres-pinos-fire/,2013-05-03T18:45:00Z,2013-05-03,2013-05-03,N,True,False,,,,,
306 Fire,Y,2013-05-05T18:00:00Z,2013-05-01T19:00:00Z,CAL FIRE Tehama-Glenn Unit,,Glenn,2 miles south of the community of Elk Creek,217.0,100.0,,CAL FIRE Tehama-Glenn Unit,-122.560862,39.514139,,5649e78d-7c26-4698-89a0-b0fa9a35cf78,https://www.fire.ca.gov/incidents/2013/5/1/306-fire/,2013-05-05T18:00:00Z,2013-05-05,2013-05-01,N,True,False,,,,,
Lytle Fire,Y,2013-05-15T08:15:00Z,2013-05-13T13:30:00Z,"USFS San Bernardino National Forest, CAL FIRE San Bernardino Unit",,San Bernardino,"I-15 at Sierra Ave, near Lytle Creek",75.0,100.0,,"USFS San Bernardino National Forest, CAL FIRE San Bernardino Unit, CAL FIRE, USFS, San Bernardino Co., San Bernardino City, Rialto, Rancho, Ontario, CHP, San Bernardino Sheriff's Office",-117.4408,34.1834,,e2c4b308-9a2d-483b-8434-999bef9adc7c,https://www.fire.ca.gov/incidents/2013/5/13/lytle-fire/,2013-05-15T08:15:00Z,2013-05-15,2013-05-13,N,True,False,,,,,
Gorgonio Fire,Y,2022-10-24T11:40:58Z,2013-05-04T11:43:00Z,CAL FIRE/Riverside County Fire,,Riverside,"Highway 243, south of Banning and north of Pine Cove",650.0,100.0,,CAL FIRE/Riverside County Fire,-116.855019,33.894055,,958ce6d2-97f9-4848-8620-d14ab87f329d,https://www.fire.ca.gov/incidents/2013/5/4/gorgonio-fire/,2013-05-05T18:45:00Z,2013-05-05,2013-05-04,N,True,False,19.2,0.0,38.0,18.9,2.3
Grand Fire,Y,2013-05-21T19:45:00Z,2013-05-15T12:50:00Z,CAL FIRE / USFS Los Padres National Forest,,"Kern, Ventura","South of Frazier Mountain Park Rd, South of Frazier Park",4346.0,100.0,,"CAL FIRE / USFS Los Padres National Forest, CAL FIRE, USFS, KERN CO FD, VENTURA CO FD, KERN COUNTY SO, VENTURA CO SO, LA CO SO, LAFD, CALEMA, BLM, KERN CO RD DEPT., CHP, CALIFORNIA STATE PARKS",-118.9411,34.7861,,e0d038e9-0926-4c05-8317-ec7075a04b12,https://www.fire.ca.gov/incidents/2013/5/15/grand-fire/,2013-05-21T19:45:00Z,2013-05-21,2013-05-15,N,True,False,,,,,
54 Fire,Y,2013-05-17T08:30:00Z,2013-05-16T13:48:00Z,CAL FIRE Riverside Unit,,Riverside,"Avenue 54 and Tyler Street, near the community of Coachella",40.0,100.0,,CAL FIRE Riverside Unit,-116.161201,33.655638,,e215290f-d0b4-48fd-be32-f599959347b1,https://www.fire.ca.gov/incidents/2013/5/16/54-fire/,2013-05-17T08:30:00Z,2013-05-17,2013-05-16,N,True,False,17.6,0.0,64.0,20.7,2.2
Lake Fire,Y,2013-05-18T19:00:00Z,2013-05-17T13:23:00Z,CAL FIRE/Los Angeles County ,,Los Angeles,I-5 Southbound at Lake Hughes Road,712.0,100.0,,CAL FIRE/Los Angeles County ,-118.610044,34.49149,,39af7eac-c188-411f-8c8a-d165c5fca4a9,https://www.fire.ca.gov/incidents/2013/5/17/lake-fire/,2013-05-18T19:00:00Z,2013-05-18,2013-05-17,N,True,False,,,,,
Lilly 2 Fire,Y,2013-05-20T19:10:00Z,2013-05-19T15:07:00Z,CAL FIRE Madera-Mariposa-Merced Unit,,Madera,Off Road 400 & Sandy Beach Dr. in Yosemite Lakes,91.0,100.0,,CAL FIRE Madera-Mariposa-Merced Unit,-119.7917,37.1927,,2b765a08-c770-4b19-baa8-00dffe3fa838,https://www.fire.ca.gov/incidents/2013/5/19/lilly-2-fire/,2013-05-20T19:10:00Z,2013-05-20,2013-05-19,N,True,False,20.7,0.0,43.0,21.7,2.8
Cottontail Fire,Y,2013-05-20T19:10:00Z,2013-05-20T15:45:00Z,CAL FIRE San Luis Obispo Unit,,San Luis Obispo,Cayucos Creek Rd & Thunder Canyon Rd north of Cayucos,35.0,100.0,,CAL FIRE San Luis Obispo Unit,-120.91375,35.49864,,f17c523c-bf01-4245-899b-7c2331096dae,https://www.fire.ca.gov/incidents/2013/5/20/cottontail-fire/,2013-05-20T19:10:00Z,2013-05-20,2013-05-20,N,True,False,21.9,0.0,31.0,18.5,1.8
Cherry Fire,Y,2013-05-20T18:50:00Z,2013-05-20T13:47:00Z,CAL FIRE Riverside Unit,,Riverside,Off Sunset Ave & Mesa St in Banning,25.0,100.0,,CAL FIRE Riverside Unit,-116.907213,33.96201,,a60e315c-23d5-4ba4-869c-5c1e22a25e7a,https://www.fire.ca.gov/incidents/2013/5/20/cherry-fire/,2013-05-20T18:50:00Z,2013-05-20,2013-05-20,N,True,False,23.1,0.0,42.0,21.0,2.2
Water Fire,Y,2013-05-21T19:30:00Z,2013-05-21T14:16:00Z,CAL FIRE/Riverside County Fire ,,Riverside,Off Whitewater Canyon Road in Whitewater,90.0,100.0,,CAL FIRE/Riverside County Fire ,-116.6534,33.9582,,13850faa-5bab-4fd7-bac3-433ce9250c4d,https://www.fire.ca.gov/incidents/2013/5/21/water-fire/,2013-05-21T19:30:00Z,2013-05-21,2013-05-21,N,True,False,20.7,0.0,55.0,21.3,2.0
Shelton Fire,Y,2013-05-30T13:25:00Z,2013-05-30T11:20:00Z,CAL FIRE Tuolumne-Calaveras Unit ,,San Joaquin,off North Shelton Rd in the Linden Peters area,303.0,100.0,,CAL FIRE Tuolumne-Calaveras Unit ,-120.90325,38.04993,,0b51d59b-457d-4a62-b066-55c2b8d400e2,https://www.fire.ca.gov/incidents/2013/5/30/shelton-fire/,2013-05-30T13:25:00Z,2013-05-30,2013-05-30,N,True,False,,,,,
Border Fire,Y,2013-05-23T08:30:00Z,2013-05-22T16:14:00Z,CAL FIRE San Diego Unit,,San Diego,Off Alta Rd in the Otay Mesa area,100.0,100.0,,CAL FIRE San Diego Unit,-116.900368,32.564465,,e077e091-f890-477c-b948-eb23774b432e,https://www.fire.ca.gov/incidents/2013/5/22/border-fire/,2013-05-23T08:30:00Z,2013-05-23,2013-05-22,N,True,False,16.5,0.0,79.0,22.6,2.0
San Felipe Fire,Y,2022-10-24T11:41:15Z,2013-05-23T12:20:00Z,CAL FIRE San Diego Unit,,San Diego,"San Felipe Road, north of Highway 78, East of Julian",2650.0,100.0,,"CAL FIRE San Diego Unit, CALFIRE, USFS, BLM, SAN DIEGO SHERIFF'S OFFICE, AMR, CAL EMA, SAN DIEGO CITY, LOCAL GOVERNMENT, SAN DIEGO FIRE AUTHORITY, RESERVATION, CCC",-116.52579,33.12111,,859479e3-918c-42c6-bb74-5fdc17930a16,https://www.fire.ca.gov/incidents/2013/5/23/san-felipe-fire/,2013-05-26T17:45:00Z,2013-05-26,2013-05-23,N,True,False,16.1,0.0,75.0,21.9,1.9
Homestead Fire,Y,2013-05-25T18:45:00Z,2013-05-25T17:35:00Z,CAL FIRE San Luis Obispo Unit,,San Luis Obispo,"Homestead Rd & Hwy 41, northeast of Atascadero ",50.0,100.0,,CAL FIRE San Luis Obispo Unit,-120.6368,35.5123,,5b5ce06d-7ea9-4d28-b564-715fd0d04f3f,https://www.fire.ca.gov/incidents/2013/5/25/homestead-fire/,2013-05-25T18:45:00Z,2013-05-25,2013-05-25,N,True,False,11.4,0.0,70.0,17.5,1.5
Smiley Fire,Y,2013-05-25T23:00:00Z,2013-05-25T14:59:00Z,CAL FIRE/Riverside County Fire,,Riverside,"Off Smiley Blvd & Vista Suelto Rd, north of Moreno Valley",124.0,100.0,,CAL FIRE/Riverside County Fire,-117.187934,33.963591,,9795afee-7e60-4ab3-b5c3-7df67f91c5f9,https://www.fire.ca.gov/incidents/2013/5/25/smiley-fire/,2013-05-25T23:00:00Z,2013-05-25,2013-05-25,N,True,False,17.1,0.0,57.0,20.3,2.0
General Fire,Y,2022-10-24T11:41:51Z,2013-05-26T12:04:00Z,CAL FIRE San Diego Unit,,San Diego,"Banner Grade area, south of Hwy 78 & east of Hwy 79, southeast of Julian",2500.0,100.0,,CAL FIRE San Diego Unit,-116.5209,33.04458,,07a5397c-a665-4f84-9a82-5f689cb2c8f3,https://www.fire.ca.gov/incidents/2013/5/26/general-fire/,2013-05-31T06:15:00Z,2013-05-31,2013-05-26,N,True,False,15.7,0.0,78.0,22.0,1.4
White Fire,Y,2013-05-30T19:30:00Z,2013-05-27T14:45:00Z,USFS Los Padres National Forest,,Santa Barbara,"Southeast of Lake Cachuma, approx. 12 miles southeast of Santa Ynez",1984.0,100.0,,USFS Los Padres National Forest,-119.82429,34.55048,,abc61995-8bea-4be1-aa49-ee378ab3baaa,https://www.fire.ca.gov/incidents/2013/5/27/white-fire/,2013-05-30T19:30:00Z,2013-05-30,2013-05-27,N,False,False,19.3,0.0,48.0,20.5,4.0
Magic Fire,Y,2013-05-29T15:30:00Z,2013-05-28T11:30:00Z,Los Angeles County Fire Department,,Los Angeles,off Magic Mtn Parkway in Valencia,149.0,100.0,,Los Angeles County Fire Department,-118.58688,34.419284,,794412f2-1ba2-4217-ac38-49272a96fb6f,https://www.fire.ca.gov/incidents/2013/5/28/magic-fire/,2013-05-29T15:30:00Z,2013-05-29,2013-05-28,N,True,False,,,,,
Olive Fire,Y,2013-05-29T10:30:00Z,2013-05-28T15:24:00Z,Santa Barbara County Fire,,Santa Barbara,"Hwy 246 and Meadowvale, East of Solvang ",170.0,100.0,,Santa Barbara County Fire,-120.074655,34.611824,,cb5f34a0-177e-445d-9349-dd94063a01d0,https://www.fire.ca.gov/incidents/2013/5/28/olive-fire/,2013-05-29T10:30:00Z,2013-05-29,2013-05-28,N,True,False,20.2,0.0,50.0,20.5,4.4
Branch Fire,Y,2013-06-03T18:30:00Z,2013-06-01T17:27:00Z,Los Padres National Forest,,San Luis Obispo,"west of the Carrizo Plain, Los Padres National Forest",500.0,100.0,,Los Padres National Forest,-120.05131,35.15832,,213dc89e-9f29-4480-91a6-aec5fb694999,https://www.fire.ca.gov/incidents/2013/6/1/branch-fire/,2013-06-03T18:30:00Z,2013-06-03,2013-06-01,N,False,False,22.9,0.0,32.0,18.9,1.8
Murphy Fire,Y,2013-06-02T16:55:00Z,2013-06-02T13:30:00Z,CAL FIRE Tuolumne-Calaveras Unit,,Tuolumne,off Lime Kiln Rd,100.0,100.0,,CAL FIRE Tuolumne-Calaveras Unit,-120.33313,37.91529,,98bfbb7c-8446-4e2e-a268-7e961353723c,https://www.fire.ca.gov/incidents/2013/6/2/murphy-fire/,2013-06-02T16:55:00Z,2013-06-02,2013-06-02,N,True,False,,,,,
Lone Fire,Y,2013-06-03T20:00:00Z,2013-06-03T13:49:00Z,CAL FIRE Butte Unit,,Butte,Palermo Road and Lone Tree Road near Palermo,298.0,100.0,All road closures have been lifted.,"CAL FIRE Butte Unit, CAL FIRE, El Medio Fire, Chico Fire Dept, Oroville Fire Dept, Butte Co. Sheriff's Dept, Butte Co. Public Works, PG&E and CHP",-121.576804,39.434183,,1a5192f1-bc99-4130-8683-381e0534b76a,https://www.fire.ca.gov/incidents/2013/6/3/lone-fire/,2013-06-03T20:00:00Z,2013-06-03,2013-06-03,N,True,False,,,,,
Hathaway Fire,Y,2013-06-09T16:45:00Z,2013-06-09T12:30:00Z,USFS San Bernardino National Forest,,Riverside,"Hathaway Canyon area, northeast of Banning",0.0,100.0,,USFS San Bernardino National Forest,-116.84137,33.99647,,befb9d5c-c0ea-48b8-8589-2586be0275af,https://www.fire.ca.gov/incidents/2013/6/9/hathaway-fire/,2013-06-09T16:45:00Z,2013-06-09,2013-06-09,N,False,False,19.9,0.0,63.0,22.2,2.0
Sonoma-Lake-Napa Unit Lightning Fires,Y,2013-06-14T15:45:00Z,2013-06-10T00:46:00Z,CAL FIRE Sonoma-Lake-Napa Unit,,"Sonoma, Solano, Lake, Colusa","throughout Sonoma, Solano, Lake & Colusa Counties",28.0,100.0,,CAL FIRE Sonoma-Lake-Napa Unit,-122.0437,38.4229,,5ce45b6c-81b5-422c-9078-8c68dd872c8a,https://www.fire.ca.gov/incidents/2013/6/10/sonoma-lake-napa-unit-lightning-fires/,2013-06-14T15:45:00Z,2013-06-14,2013-06-10,N,True,False,,,,,
152 Fire,Y,2013-06-05T08:30:00Z,2013-06-04T15:42:00Z,CAL FIRE Madera-Mariposa-Merced Unit,,Merced,Hwy 152 in San Luis Creek Reservoir,124.0,100.0,,CAL FIRE Madera-Mariposa-Merced Unit,-121.006939,37.03776,,f9e85371-fc46-4f54-822c-7dcdaadde551,https://www.fire.ca.gov/incidents/2013/6/4/152-fire/,2013-06-05T08:30:00Z,2013-06-05,2013-06-04,N,True,False,19.3,0.0,66.0,21.1,2.2
Lake Fire,Y,2013-06-06T07:00:00Z,2013-06-05T16:05:00Z,CAL FIRE Sonoma-Lake-Napa Unit,,Lake,Lakeshore Drive and Patterson Drive in Clearlake Oaks,30.0,100.0,,CAL FIRE Sonoma-Lake-Napa Unit,-122.703193,38.99233,,dcb21e64-9d38-47c2-848b-e8e0dea5c2de,https://www.fire.ca.gov/incidents/2013/6/5/lake-fire/,2013-06-06T07:00:00Z,2013-06-06,2013-06-05,N,True,False,,,,,
Powerhouse Fire,Y,2013-06-08T18:30:00Z,2013-05-30T15:28:00Z,USFS Angeles National Forest/Los Angeles County/CAL FIRE,,Los Angeles,Angeles National Forest,30274.0,100.0,,USFS Angeles National Forest/Los Angeles County/CAL FIRE,-118.423176,34.585595,,bf37805e-1cc2-4208-9972-753e47874c87,https://www.fire.ca.gov/incidents/2013/5/30/powerhouse-fire/,2013-06-08T18:30:00Z,2013-06-08,2013-05-30,N,True,False,,,,,
Vasco Fire,Y,2013-06-08T13:25:00Z,2013-06-08T10:16:00Z,CAL FIRE Santa Clara Unit,,Alameda,"off Vasco Road & North Vasco Road, north of Livermore",240.0,100.0,,CAL FIRE Santa Clara Unit,-121.737213,37.775057,,2ad509e4-99f1-4e1a-81eb-839f772f9c45,https://www.fire.ca.gov/incidents/2013/6/8/vasco-fire/,2013-06-08T13:25:00Z,2013-06-08,2013-06-08,N,True,False,,,,,
Viper Fire,Y,2013-06-08T19:00:00Z,2013-06-08T15:37:00Z,CAL FIRE/Riverside County Fire,,Riverside,"off San Timoteo Canyon Rd and Viper Rd, north of Moreno Valley",42.0,100.0,,CAL FIRE/Riverside County Fire,-117.1265,33.96936,,e9505435-e861-4f33-9069-b0040fb2a135,https://www.fire.ca.gov/incidents/2013/6/8/viper-fire/,2013-06-08T19:00:00Z,2013-06-08,2013-06-08,N,True,False,20.1,0.0,63.0,22.0,2.2
Northern California Lightning Activity,Y,2013-06-14T16:30:00Z,2013-06-10T00:46:00Z,California Northern Region,,,Across Northern California,60.0,100.0,,California Northern Region,-121.5747,39.9845,,369e41d4-75a6-4be0-a38a-5f7450553631,https://www.fire.ca.gov/incidents/2013/6/10/northern-california-lightning-activity/,2013-06-14T16:30:00Z,2013-06-14,2013-06-10,N,True,False,,,,,
Roadrunner Fire,Y,2013-06-13T09:45:00Z,2013-06-12T16:43:00Z,CAL FIRE Amador-El Dorado Unit,,Amador,"Roadrunner Drive, south of Ione",96.0,100.0,,CAL FIRE Amador-El Dorado Unit,-120.966016,38.27783,,bf59bc5b-1398-4ae5-adef-6f61b9ee1b90,https://www.fire.ca.gov/incidents/2013/6/12/roadrunner-fire/,2013-06-13T09:45:00Z,2013-06-13,2013-06-12,N,True,False,,,,,
Revis Fire,Y,2013-06-14T16:30:00Z,2013-06-12T16:40:00Z,CAL FIRE Madera-Mariposa-Merced Unit,,Madera,Off Revis Road & Yosemite Springs Parkway in Yosemite Lake Parks area in Coarsegold,75.0,100.0,,CAL FIRE Madera-Mariposa-Merced Unit,-119.75636,37.169379,,7055a440-5d4c-4f58-bac9-2954ff6698a5,https://www.fire.ca.gov/incidents/2013/6/12/revis-fire/,2013-06-14T16:30:00Z,2013-06-14,2013-06-12,N,True,False,23.9,0.0,42.0,26.1,0.5
Clinton Fire,Y,2013-06-13T21:30:00Z,2013-06-13T11:54:00Z,CAL FIRE/Fresno County Fire,,Fresno,"Clinton and Highland, East of Fresno",108.0,100.0,,CAL FIRE/Fresno County Fire,-119.628389,36.772425,,a2cfda2a-21c1-4e45-90b5-37d931b4a926,https://www.fire.ca.gov/incidents/2013/6/13/clinton-fire/,2013-06-13T21:30:00Z,2013-06-13,2013-06-13,N,True,False,25.7,0.0,25.0,23.9,0.4
Carstens Fire,Y,2013-06-26T11:15:00Z,2013-06-16T14:12:00Z,CAL FIRE Madera-Mariposa-Merced Unit / Sierra National Forest ,,Mariposa,"Off Carstens Road, east of 140 in the Midpines area.",1708.0,100.0,,"CAL FIRE Madera-Mariposa-Merced Unit / Sierra National Forest , CAL FIRE, US Forest Service, California Highway Patrol, National Park Service, Mariposa County, Mariposa County Fire, Mariposa County Sheriff.",-119.91071,37.58202,,bb2eb175-43a3-4a5c-bff6-e3669e52c1d1,https://www.fire.ca.gov/incidents/2013/6/16/carstens-fire/,2013-06-26T11:15:00Z,2013-06-26,2013-06-16,N,True,False,,,,,
PFE Fire,Y,2013-06-13T14:15:00Z,2013-06-13T11:28:00Z,CAL FIRE/Placer County Fire,,Placer,"PFE Road and Watt Avenue, West Roseville",237.0,100.0,,CAL FIRE/Placer County Fire,-121.380862,38.729297,,fe47b1c2-b9c0-44be-8d10-f270056db35c,https://www.fire.ca.gov/incidents/2013/6/13/pfe-fire/,2013-06-13T14:15:00Z,2013-06-13,2013-06-13,N,True,False,,,,,
Michelle Fire,Y,2013-06-13T21:30:00Z,2013-06-13T15:54:00Z,CAL FIRE/Fresno County Fire,,Fresno,"off McKinley Ave & Academy Ave, north of Sanger ",35.0,100.0,,CAL FIRE/Fresno County Fire,-119.558244,36.763367,,953f17a1-2034-467b-b48c-28da1a9af60e,https://www.fire.ca.gov/incidents/2013/6/13/michelle-fire/,2013-06-13T21:30:00Z,2013-06-13,2013-06-13,N,True,False,25.7,0.0,25.0,23.9,0.4
Palmyrita Fire,Y,2013-06-15T08:00:00Z,2013-06-14T13:47:00Z,CAL FIRE/Riverside County Fire,,Riverside,"Highgrove Pass Rd and Pigeon Pass Rd, Community of Highgrove",40.0,100.0,,CAL FIRE/Riverside County Fire,-117.302057,34.001745,,2d1f0c40-92e7-4540-991b-d353ed68ec6c,https://www.fire.ca.gov/incidents/2013/6/14/palmyrita-fire/,2013-06-15T08:00:00Z,2013-06-15,2013-06-14,N,True,False,19.8,0.0,60.0,22.2,2.0
Rolling Fire,Y,2022-10-24T11:42:08Z,2013-06-16T18:17:00Z,CAL FIRE Madera-Mariposa-Merced Unit,,Madera,"off Hwy 41 & Road 145, northwest of Friant ",480.0,100.0,,CAL FIRE Madera-Mariposa-Merced Unit,-119.78106,37.015575,,05d0fed7-8502-4a6f-9c5c-b9cee0e75408,https://www.fire.ca.gov/incidents/2013/6/16/rolling-fire/,2013-06-18T19:30:00Z,2013-06-18,2013-06-16,N,True,False,22.9,0.0,38.0,25.9,0.5
California Fire,Y,2013-06-18T22:30:00Z,2013-06-18T15:18:00Z,CAL FIRE Sanoma-Lake-Napa Unit,,Solano,"Off Lake Herman Rd, west of Hwy 680 in Benicia",124.0,100.0,,CAL FIRE Sanoma-Lake-Napa Unit,-122.13802,38.08744,,2b403f03-fe84-450a-90b7-befb8acc7e70,https://www.fire.ca.gov/incidents/2013/6/18/california-fire/,2013-06-18T22:30:00Z,2013-06-18,2013-06-18,N,True,False,,,,,
Sierra Fire,Y,2013-06-19T08:45:00Z,2013-06-17T14:41:00Z,CAL FIRE/Fresno County Fire,,Fresno,"Black Mountain Road at Lodge Road near Sierra High School, southeast of Auberry",46.0,100.0,,CAL FIRE/Fresno County Fire,-119.463757,37.03087,,15e7e15d-f707-473e-b0f3-6534cfd845b7,https://www.fire.ca.gov/incidents/2013/6/17/sierra-fire/,2013-06-19T08:45:00Z,2013-06-19,2013-06-17,N,True,False,26.7,0.0,32.0,22.8,4.4
George Fire,Y,2013-06-25T17:15:00Z,2013-06-25T13:36:00Z,CAL FIRE/Fresno County Fire,,Fresno,off Bronco Lane in Squaw Valley,150.0,100.0,,CAL FIRE/Fresno County Fire,-119.2248,36.7218,,23ec2f69-da30-4983-80c2-1f04bfea6f9a,https://www.fire.ca.gov/incidents/2013/6/25/george-fire/,2013-06-25T17:15:00Z,2013-06-25,2013-06-25,N,True,False,25.3,0.0,54.0,22.6,2.7
Mount Fire,Y,2013-06-20T13:15:00Z,2013-06-20T14:29:00Z,CAL FIRE Sanoma-Lake-Napa Unit,,Lake,"Off Konocti Rd & Oak Hills Ln, east of Kelseyville",25.0,100.0,,CAL FIRE Sanoma-Lake-Napa Unit,-122.81796,38.98058,,d489b45e-dcba-4eaa-8bb5-6a23255562da,https://www.fire.ca.gov/incidents/2013/6/20/mount-fire/,2013-06-20T13:15:00Z,2013-06-20,2013-06-20,N,True,False,,,,,
Mills Fire,Y,2022-10-24T11:35:12Z,2013-06-28T14:30:00Z,CAL FIRE San Bernardino Unit/ City of Redlands/San Bernardino Sheriff,,San Bernardino,"south of Highway 38 & Bryant Street, northwest of Yucaipa ",534.0,100.0,,CAL FIRE San Bernardino Unit/ City of Redlands/San Bernardino Sheriff,-117.048397,34.071556,,6011819c-19ac-46c2-aa48-0ee8be0e48c0,https://www.fire.ca.gov/incidents/2013/6/28/mills-fire/,2013-07-01T06:00:00Z,2013-07-01,2013-06-28,N,True,False,,,,,
Concord Fire,Y,2013-07-01T18:30:00Z,2013-07-01T15:41:00Z,CAL FIRE Santa Clara Unit,,Contra Costa,off Concord Ave & Vineyard Parkway in Brentwood,274.0,100.0,,CAL FIRE Santa Clara Unit,-121.74367,39.90465,,95399a9c-8b3e-4413-9f56-5ed57d3d81b3,https://www.fire.ca.gov/incidents/2013/7/1/concord-fire/,2013-07-01T18:30:00Z,2013-07-01,2013-07-01,N,True,False,,,,,
Freeman Fire,Y,2013-06-29T18:30:00Z,2013-06-29T14:09:00Z,CAL FIRE San Benito-Monterey Unit ,,Monterey,"off Hwy 198, 10 miles east of King City",105.0,100.0,,CAL FIRE San Benito-Monterey Unit ,-120.8973,36.1531,,58317b8d-7f4d-466f-b2c7-035c25fb00f0,https://www.fire.ca.gov/incidents/2013/6/29/freeman-fire/,2013-06-29T18:30:00Z,2013-06-29,2013-06-29,N,True,False,15.3,0.0,85.0,18.5,3.1
Kirker Fire,Y,2022-10-24T11:37:51Z,2013-07-01T13:19:00Z,CAL FIRE Santa Clara Unit,,Contra Costa,Kirker Pass Road south of Pittsburg,492.0,100.0,,CAL FIRE Santa Clara Unit,-121.91453,37.96866,,522114fe-ada8-49a9-9bb2-5891103ff0ca,https://www.fire.ca.gov/incidents/2013/7/1/kirker-fire/,2013-07-01T18:40:00Z,2013-07-01,2013-07-01,N,True,False,,,,,
Northern Region July Lightning,Y,2013-07-04T10:45:00Z,2013-07-02T12:00:00Z,CAL FIRE Northern Region,,,Throughout northeastern California,754.0,100.0,,CAL FIRE Northern Region,-121.5747,39.9845,,42690ee2-a5ed-4320-9a55-d5ff3d1a80f5,https://www.fire.ca.gov/incidents/2013/7/2/northern-region-july-lightning/,2013-07-04T10:45:00Z,2013-07-04,2013-07-02,N,True,False,,,,,
Fox Fire (formally 3-7 Fire),Y,2013-07-05T18:30:00Z,2013-07-03T22:56:00Z,CAL FIRE Lassen-Modoc Unit,,Modoc,5 miles northwest of Aiden,502.0,100.0,,CAL FIRE Lassen-Modoc Unit,-121.035,41.2415,,8b51033d-abc6-4ea4-8983-990ad4e1c45e,https://www.fire.ca.gov/incidents/2013/7/3/fox-fire-formally-3-7-fire/,2013-07-05T18:30:00Z,2013-07-05,2013-07-03,N,True,False,,,,,
Vina Fire,Y,2013-07-04T10:30:00Z,2013-07-04T07:30:00Z,CAL FIRE Tehama-Glenn Unit,,Tehama,"Tehama-Vina Rd and Sherman Rd, Los Molinos",200.0,100.0,,CAL FIRE Tehama-Glenn Unit,-122.079871,40.012398,,c94959d7-eb88-4724-8feb-ba0662afca10,https://www.fire.ca.gov/incidents/2013/7/4/vina-fire/,2013-07-04T10:30:00Z,2013-07-04,2013-07-04,N,True,False,,,,,
Grant Fire,Y,2013-07-04T11:30:00Z,2013-07-04T10:00:00Z,CAL FIRE Santa Clara Unit,,Alameda,"off Grant Ln Rd & I-580 in the Altamont Pass, 5 miles west of Tracy",50.0,100.0,,CAL FIRE Santa Clara Unit,-121.5869,37.7393,,07fb8b11-f39b-4cd0-8a27-2d4fef7fe680,https://www.fire.ca.gov/incidents/2013/7/4/grant-fire/,2013-07-04T11:30:00Z,2013-07-04,2013-07-04,N,True,False,,,,,
Fallon Fire,Y,2013-07-06T14:30:00Z,2013-07-06T13:09:00Z,CAL FIRE Santa Clara Unit / Alameda County Fire,,Alameda,off Fallon Rd & Camino Tassajara near Dublin ,38.0,100.0,,CAL FIRE Santa Clara Unit / Alameda County Fire,-121.86216,37.74241,,4c04a4e5-f580-4e62-bb53-2575c72d29dc,https://www.fire.ca.gov/incidents/2013/7/6/fallon-fire/,2013-07-06T14:30:00Z,2013-07-06,2013-07-06,N,True,False,,,,,
Chariot Fire,Y,2013-07-15T06:15:00Z,2013-07-06T12:55:00Z,CAL FIRE San Diego Unit / Cleveland National Forest,,San Diego,"off Sunrise Hwy, 9 miles southeast of Julian",7055.0,100.0,,"CAL FIRE San Diego Unit / Cleveland National Forest, CAL FIRE, USFS Cleveland NF, CHP, San Diego County Fire Authority, San Diego County Sheriff, California State Parks",-116.47381,32.95435,,ee19b2ec-a96a-4738-994e-fb3ea016e053,https://www.fire.ca.gov/incidents/2013/7/6/chariot-fire/,2013-07-15T06:15:00Z,2013-07-15,2013-07-06,N,True,False,19.7,0.0,80.0,24.8,1.4
Adelaida Fire,Y,2013-07-07T22:00:00Z,2013-07-07T13:16:00Z,CAL FIRE San Luis Obispo,,San Luis Obispo,"off Adelaida Rd & Vineyard Dr, west of Paso Robles",85.0,100.0,,CAL FIRE San Luis Obispo,-120.83417,35.62743,,a97d2b3a-3a53-424f-852c-5f1b8d199cc3,https://www.fire.ca.gov/incidents/2013/7/7/adelaida-fire/,2013-07-07T22:00:00Z,2013-07-07,2013-07-07,N,True,False,16.2,0.0,71.0,21.1,1.4
McGanney Fire,Y,2013-07-08T17:30:00Z,2013-07-08T09:59:00Z,CAL FIRE Nevada-Placer-Yuba Unit,,Yuba,"off Highway 20 and McGanney Lane, west of Smartsville",73.0,100.0,,CAL FIRE Nevada-Placer-Yuba Unit,-121.31634,39.206,,397ed8e6-6088-4e03-9316-8f50c65a83be,https://www.fire.ca.gov/incidents/2013/7/8/mcganney-fire/,2013-07-08T17:30:00Z,2013-07-08,2013-07-08,N,True,False,,,,,
Fiddler Fire,Y,2013-07-09T15:00:00Z,2013-07-09T11:59:00Z,CAL FIRE Shasta-Trinity Unit,,Shasta,off Fiddler,43.0,100.0,,CAL FIRE Shasta-Trinity Unit,-122.7338,40.373,,3f64fc8a-8870-4e64-b60a-3e13c8532acd,https://www.fire.ca.gov/incidents/2013/7/9/fiddler-fire/,2013-07-09T15:00:00Z,2013-07-09,2013-07-09,N,True,False,,,,,
Kyburz Fire,Y,2013-07-11T18:30:00Z,2013-07-08T12:45:00Z,Eldorado National Forest,,El Dorado,"Off Hwy 50 at 30 Mile Tract, Kyburz",572.0,100.0,,Eldorado National Forest,-120.298,38.774,,d778a3f0-2d23-43c1-b9bc-1ea33898fab2,https://www.fire.ca.gov/incidents/2013/7/8/kyburz-fire/,2013-07-11T18:30:00Z,2013-07-11,2013-07-08,N,False,False,,,,,
Uvas Fire,Y,2013-07-12T17:45:00Z,2013-07-12T13:09:00Z,CAL FIRE Santa Clara Unit,,Santa Clara,"Uvas Road and Casa Loma Road, near Calero County Park,  west of Morgan Hill",50.0,100.0,,CAL FIRE Santa Clara Unit,-121.7804,37.1438,,e779a754-29fd-472f-8d29-46cfee32d3c2,https://www.fire.ca.gov/incidents/2013/7/12/uvas-fire/,2013-07-12T17:45:00Z,2013-07-12,2013-07-12,N,True,False,,,,,
Diablo Fire,Y,2013-07-13T21:45:00Z,2013-07-12T15:35:00Z,CAL FIRE Santa Clara Unit,,Stanislaus,"off Diablo Grande Parkway, west of I-5, southwest of Patterson",150.0,100.0,,CAL FIRE Santa Clara Unit,-121.1955,37.436,,873074c8-4b6d-417b-a78c-1d1430027805,https://www.fire.ca.gov/incidents/2013/7/12/diablo-fire/,2013-07-13T21:45:00Z,2013-07-13,2013-07-12,N,True,False,,,,,
Mountain Fire,Y,2022-10-24T11:38:10Z,2013-07-15T13:43:00Z,CAL FIRE Riverside Unit / San Bernardino National Forest,,Riverside,Hwy 243 & Hwy 74 near Mountain Center,27531.0,100.0,,CAL FIRE Riverside Unit / San Bernardino National Forest,-116.72885,33.7095,,a3149fec-4d48-427c-8b2c-59e8b79d59db,https://www.fire.ca.gov/incidents/2013/7/15/mountain-fire/,2013-07-30T18:00:00Z,2013-07-30,2013-07-15,N,True,False,25.2,0.0,45.0,23.9,1.9
Orleans Complex,Y,2013-08-03T15:00:00Z,2013-08-03T08:00:00Z,Six Rivers National Forest,,Humboldt,"10 miles east of Somes Bar, California",0.0,100.0,,Six Rivers National Forest,-123.376,41.333,,7d4f107b-66a9-43d2-819d-ec855c2947bf,https://www.fire.ca.gov/incidents/2013/8/3/orleans-complex/,2013-08-03T15:00:00Z,2013-08-03,2013-08-03,N,False,False,,,,,
Silverwood Fire,Y,2013-07-26T18:15:00Z,2013-07-25T15:09:00Z,San Bernardino County Fire,,San Bernardino, Hwy 138 west of Hwy 173,75.0,100.0,,San Bernardino County Fire,-117.352,34.316,,ed51bbd2-6f8e-4f46-9073-3673a583fada,https://www.fire.ca.gov/incidents/2013/7/25/silverwood-fire/,2013-07-26T18:15:00Z,2013-07-26,2013-07-25,N,True,False,,,,,
Flume Fire,Y,2013-07-28T17:50:00Z,2013-07-28T09:43:00Z,CAL FIRE San Diego Unit,,San Diego,Barrett Lake Road and Highway 94,25.0,100.0,,CAL FIRE San Diego Unit,-116.707335,32.612773,,c6cfeed9-55bb-4fdb-8a52-e4d947dba721,https://www.fire.ca.gov/incidents/2013/7/28/flume-fire/,2013-07-28T17:50:00Z,2013-07-28,2013-07-28,N,True,False,18.0,0.0,79.0,24.6,1.6
Aspen Fire,Y,2013-09-24T20:15:00Z,2013-07-22T22:15:00Z,Sierra National Forest,,Fresno,Seven miles north of Big Creek,22992.0,100.0,,Sierra National Forest,-119.318,37.279,,bee8c339-4f26-4b78-a5b4-a8a0ebdb8786,https://www.fire.ca.gov/incidents/2013/7/22/aspen-fire/,2013-09-24T20:15:00Z,2013-09-24,2013-07-22,N,False,False,26.8,0.1,43.0,27.2,2.4
Salmon River Complex,Y,2013-08-31T06:45:00Z,2013-07-31T22:00:00Z,Klamath National Forest,,Siskiyou,"North Fork of the Salmon River, West of Sawyers Bar, Klamath National Forest",14754.0,100.0,,Klamath National Forest,-123.176,41.32,,ba76c009-09c9-497c-b923-1ac8cf05c20d,https://www.fire.ca.gov/incidents/2013/7/31/salmon-river-complex/,2013-08-31T06:45:00Z,2013-08-31,2013-07-31,N,False,False,,,,,
Branch Fire,Y,2013-08-04T14:45:00Z,2013-08-01T16:01:00Z,CAL FIRE Butte Unit,,Butte,Near Rocky Peak - North Fork Lake Oroville near Cherokee,92.0,100.0,,CAL FIRE Butte Unit,-121.50354,39.6612,,0b51d3d5-bb3a-426d-9c12-c1878a01d7cf,https://www.fire.ca.gov/incidents/2013/8/1/branch-fire/,2013-08-04T14:45:00Z,2013-08-04,2013-08-01,N,True,False,,,,,
Redlands Fire,Y,2013-07-17T07:45:00Z,2013-07-16T17:48:00Z,CAL FIRE / Riverside County Fire,,Riverside,"Redlands Boulevard and San Timoteo Canyon Road, north of Moreno Valley",150.0,100.0,,CAL FIRE / Riverside County Fire,-117.164997,33.990128,,d48a839f-d8da-44d7-9b35-b9f61aa28c61,https://www.fire.ca.gov/incidents/2013/7/16/redlands-fire/,2013-07-17T07:45:00Z,2013-07-17,2013-07-16,N,True,False,23.9,0.0,34.0,23.6,2.0
Relay Fire,Y,2013-08-04T18:00:00Z,2013-08-04T16:29:00Z,CAL FIRE/Riverside County  Fire,,Riverside,"near Mt. David, south of Beaumont",60.0,100.0,,CAL FIRE/Riverside County  Fire,-116.99895,33.91027,,0658b1f8-5323-4152-b6d1-b208736587db,https://www.fire.ca.gov/incidents/2013/8/4/relay-fire/,2013-08-04T18:00:00Z,2013-08-04,2013-08-04,N,True,False,21.9,0.0,54.0,22.2,1.7
Water Fire,Y,2013-07-25T18:30:00Z,2013-07-23T09:15:00Z,Kern County Fire,,Kern,West side of Interstate 5 at Tejon Ranch,612.0,100.0,,Kern County Fire,-118.93388,34.90327,,86faecab-ed3a-4fce-95cf-89433a825c72,https://www.fire.ca.gov/incidents/2013/7/23/water-fire/,2013-07-25T18:30:00Z,2013-07-25,2013-07-23,N,True,False,,,,,
Pratt Fire,Y,2013-07-23T16:00:00Z,2013-07-23T13:29:00Z,CAL FIRE Mendocino Unit,,Mendocino,"Hwy 175 & Pratt Ranch Road, East of Hopland ",45.0,100.0,,CAL FIRE Mendocino Unit,-123.067671,38.980846,,f1d7f375-8aa3-4cb5-a864-bae9bb90cbd1,https://www.fire.ca.gov/incidents/2013/7/23/pratt-fire/,2013-07-23T16:00:00Z,2013-07-23,2013-07-23,N,True,False,,,,,
Rancho Fire,Y,2022-10-24T11:42:25Z,2013-07-19T12:00:00Z,CAL FIRE / Kern County Fire / State Parks / US Forest Service,,Kern,West side of Interstate 5 in Lebec (Kern County),500.0,100.0,Oak Knolls Road,"CAL FIRE / Kern County Fire / State Parks / US Forest Service, Cal Fire, United States Forest Service, Ventura County Fire, Kern County Sheriff Department, Calif State Parks, Calif Highway Patrol",-118.9194,34.882,,591a56a5-e9c0-45a0-96bd-34098588c39b,https://www.fire.ca.gov/incidents/2013/7/19/rancho-fire/,2013-07-22T18:45:00Z,2013-07-22,2013-07-19,N,True,False,,,,,
Paskenta Fire,Y,2013-07-19T15:00:00Z,2013-07-19T13:32:00Z,CAL FIRE Tehama-Glenn Unit,,Tehama,West of Corning,195.0,100.0,,CAL FIRE Tehama-Glenn Unit,-122.330879,39.961309,,4423899b-6197-4ef5-9f73-bca1763f17e6,https://www.fire.ca.gov/incidents/2013/7/19/paskenta-fire/,2013-07-19T15:00:00Z,2013-07-19,2013-07-19,N,True,False,,,,,
Lakeville Fire,Y,2013-07-26T17:45:00Z,2013-07-26T13:45:00Z,CAL FIRE Sonoma-Lake-Napa Unit,,Sonoma,"Off Lakeville Hwy, 6 miles SE of Petaluma",158.0,100.0,,CAL FIRE Sonoma-Lake-Napa Unit,-122.51253,38.17693,,c9b5d1ff-c042-4b39-8bac-b10fb6fc6c13,https://www.fire.ca.gov/incidents/2013/7/26/lakeville-fire/,2013-07-26T17:45:00Z,2013-07-26,2013-07-26,N,True,False,23.1,0.0,63.0,25.3,2.6
50 Fire,Y,2013-07-19T17:15:00Z,2013-07-19T14:12:00Z,CAL FIRE / Sacramento Metropolitan Fire,,"El Dorado, Sacramento",South of Hwy 50 at the El Dorado and Sacramento County line,163.0,100.0,,CAL FIRE / Sacramento Metropolitan Fire,-121.08438,38.63987,,4630e9ce-88ec-4159-9bc9-25ff5f8216cc,https://www.fire.ca.gov/incidents/2013/7/19/50-fire/,2013-07-19T17:15:00Z,2013-07-19,2013-07-19,N,True,False,,,,,
Heacock Fire,Y,2013-07-20T19:30:00Z,2013-07-19T16:21:00Z,CAL FIRE / Riverside County Fire,,Riverside,Heacock St & Sandy Glade Ave in Moreno Valley,40.0,100.0,,CAL FIRE / Riverside County Fire,-117.2508,33.9634,,8fb3a438-3146-4b8d-8f20-bfa8d6610f84,https://www.fire.ca.gov/incidents/2013/7/19/heacock-fire/,2013-07-20T19:30:00Z,2013-07-20,2013-07-19,N,True,False,24.2,0.0,48.0,22.9,1.9
Gilman Fire,Y,2013-07-19T19:30:00Z,2013-07-19T17:31:00Z,CAL FIRE / Riverside County Fire,,Riverside,"Hwy 60 east of Gilman Springs Rd, east of Moreno Valley",15.0,100.0,,CAL FIRE / Riverside County Fire,-117.09306,33.94528,,2b300dd5-4474-4b8a-9b4c-3a3014afe27d,https://www.fire.ca.gov/incidents/2013/7/19/gilman-fire/,2013-07-19T19:30:00Z,2013-07-19,2013-07-19,N,True,False,24.2,0.0,48.0,22.9,1.9
Chuckwagon Fire,Y,2013-07-23T15:10:00Z,2013-07-22T12:34:00Z,CAL FIRE Tuolumne-Calaveras Unit,,Calaveras,"near the 4500 block of Chuckwagon Drive, Copperopolis",31.0,100.0,,CAL FIRE Tuolumne-Calaveras Unit,-120.696362,37.965364,,68dadbb3-6a63-483a-add9-491a69d9e0ad,https://www.fire.ca.gov/incidents/2013/7/22/chuckwagon-fire/,2013-07-23T15:10:00Z,2013-07-23,2013-07-22,N,True,False,,,,,
Power Fire,Y,2013-08-14T08:30:00Z,2013-08-05T06:00:00Z,Stanislaus National Forest,,Tuolumne,"Near Beardsley Lake, northeast of Sonora",1070.0,100.0,,Stanislaus National Forest,-120.02778,38.25108,,1e8441c2-f426-40b4-9f4f-3de9f7e232b9,https://www.fire.ca.gov/incidents/2013/8/5/power-fire/,2013-08-14T08:30:00Z,2013-08-14,2013-08-05,N,False,False,,,,,
Falls Fire,Y,2013-08-09T18:45:00Z,2013-08-05T10:10:00Z,Cleveland National Forest / CAL FIRE Riverside Unit,,Riverside,"Ortega Highway, west of Lake Elsinoire",1383.0,100.0,,Cleveland National Forest / CAL FIRE Riverside Unit,-117.40288,33.62236,,4867ac70-663e-48f4-b9ae-ca0a486234ca,https://www.fire.ca.gov/incidents/2013/8/5/falls-fire/,2013-08-09T18:45:00Z,2013-08-09,2013-08-05,N,True,False,22.7,0.0,45.0,22.1,1.8
Tram Fire,Y,2013-08-08T09:00:00Z,2013-08-06T13:39:00Z,San Bernardino National Forest,,Riverside,Off of Hwy 111 & Tramway Rd in Palm Springs,60.0,100.0,,San Bernardino National Forest,-116.61,38.838,,ac568737-dae6-4050-b1f4-62ab1f9ec930,https://www.fire.ca.gov/incidents/2013/8/6/tram-fire/,2013-08-08T09:00:00Z,2013-08-08,2013-08-06,N,False,False,21.5,0.0,48.0,22.0,1.8
Indian Fire,Y,2013-08-07T18:30:00Z,2013-08-07T12:35:00Z,CAL FIRE Sanoma-Lake-Napa Unit,,Lake,"Off Bartlett Springs Road near Indian Valley Reservoir, 10 miles northeast of Clearlake Oaks",38.0,100.0,,CAL FIRE Sanoma-Lake-Napa Unit,-122.5906,39.1591,,b5b63934-923d-4504-a9b1-75c885477a8d,https://www.fire.ca.gov/incidents/2013/8/7/indian-fire/,2013-08-07T18:30:00Z,2013-08-07,2013-08-07,N,True,False,,,,,
Silver Fire,Y,2022-10-24T11:38:40Z,2013-08-07T14:05:00Z,CAL FIRE Riverside Unit / San Bernardino National Forest,,Riverside,"Poppet Flats Rd near Hwy 243, south of Banning",20292.0,100.0,Hwy 243 remains closed between Twin Pines Road and Westley Street in Banning due to road damage.,"CAL FIRE Riverside Unit / San Bernardino National Forest, Federal, State and Local Agencies from throughout the Western United States are assisting.",-116.90427,33.86157,,c400203b-a7fd-4bd8-803a-f3c74bc32a2b,https://www.fire.ca.gov/incidents/2013/8/7/silver-fire/,2013-08-12T18:00:00Z,2013-08-12,2013-08-07,N,True,False,21.3,0.0,48.0,21.7,1.7
Corral Complex,Y,2013-08-12T12:00:00Z,2013-08-10T11:40:00Z,Six Rivers National Forest,,Humboldt,Tish Tang Ridge east of Hoopa Valley Reservation,12503.0,100.0,,Six Rivers National Forest,-123.488,41.035,,f3dcbca8-f8ed-46d0-8f6e-9c7fc2fb03e6,https://www.fire.ca.gov/incidents/2013/8/10/corral-complex/,2013-08-12T12:00:00Z,2013-08-12,2013-08-10,N,False,False,,,,,
Cottonwood Fire,Y,2013-08-15T17:00:00Z,2013-08-15T14:40:00Z,CAL FIRE Siskiyou Unit,,Siskiyou,"Cottonwood Creek Rd., 2 miles north of Hornbrook",50.0,100.0,,CAL FIRE Siskiyou Unit,-122.578393,41.923323,,e16c204e-58d6-4f78-bc97-729b16ef9f83,https://www.fire.ca.gov/incidents/2013/8/15/cottonwood-fire/,2013-08-15T17:00:00Z,2013-08-15,2013-08-15,N,True,False,,,,,
Union Fire,Y,2013-08-16T17:55:00Z,2013-08-16T13:55:00Z,CAL FIRE Amador-El Dorado Unit,,El Dorado,"off Koki Ln and Pleasant Valley Rd, northwest of Diamond Springs",116.0,100.0,,CAL FIRE Amador-El Dorado Unit,-120.839075,38.682378,,db009f8f-8b9d-44bb-a3f6-83f319c84d72,https://www.fire.ca.gov/incidents/2013/8/16/union-fire/,2013-08-16T17:55:00Z,2013-08-16,2013-08-16,N,True,False,,,,,
Sharp Fire,Y,2013-08-13T23:45:00Z,2013-08-08T12:15:00Z,Angeles National Forest,,San Bernardino,Sheep canyon just south of Wrightwood,243.0,100.0,,Angeles National Forest,-117.62,34.35,,62eabea3-40be-497d-94e4-150f011b925f,https://www.fire.ca.gov/incidents/2013/8/8/sharp-fire/,2013-08-13T23:45:00Z,2013-08-13,2013-08-08,N,False,False,,,,,
Cloverdale Fire,Y,2013-08-14T20:35:00Z,2013-08-14T15:37:00Z,CAL FIRE Shasta-Trinity Unit,,Shasta,"Cloverdale Rd. and Dale Rd., Happy Valley, 9 miles SW of Redding",27.0,100.0,,CAL FIRE Shasta-Trinity Unit,-122.48259,40.473356,,0537a175-8fe9-4f5f-b56f-77848fa195f4,https://www.fire.ca.gov/incidents/2013/8/14/cloverdale-fire/,2013-08-14T20:35:00Z,2013-08-14,2013-08-14,N,True,False,,,,,
Swedes Fire,Y,2022-10-24T11:43:04Z,2013-08-16T16:37:00Z,CAL FIRE Butte Unit,,Butte,southeast of Oroville,2264.0,100.0,,"CAL FIRE Butte Unit, United States Forest Service, Oroville Fire Department, El Medio Fire Department, Chico Fire Department, Butte County Sheriff, California Highway Patrol, California Office of Emergency Services, California Department of Corrections and Rehabilitation, Bureau of Land Management, South Feather Water and Power, Red Cross, North Valley Animal Rescue Group.",-121.38236,39.446268,,0758e1c0-95ea-47e7-b5c1-5f3ea96bc664,https://www.fire.ca.gov/incidents/2013/8/16/swedes-fire/,2013-08-22T18:00:00Z,2013-08-22,2013-08-16,N,True,False,,,,,
American Fire,Y,2013-08-30T08:00:00Z,2013-08-10T16:30:00Z,Tahoe National Forest,,Placer,"Deadwood Ridge, northeast of Foresthill",27440.0,100.0,,Tahoe National Forest,-120.65,39.12,,8213f5c7-34fa-403b-a4bc-da2ace6e6625,https://www.fire.ca.gov/incidents/2013/8/10/american-fire/,2013-08-30T08:00:00Z,2013-08-30,2013-08-10,N,False,False,,,,,
Coyote Fire,Y,2013-08-12T09:30:00Z,2013-08-09T15:51:00Z,CAL FIRE Lassen-Modoc Unit,,Lassen,"Southeast of Coyote Reservoir, 20 miles southeast of Bieber",97.0,100.0,,CAL FIRE Lassen-Modoc Unit,-120.958126,40.88886,,2b84c8a2-e2e8-45a2-9221-e8075608c218,https://www.fire.ca.gov/incidents/2013/8/9/coyote-fire/,2013-08-12T09:30:00Z,2013-08-12,2013-08-09,N,True,False,,,,,
Pierce Fire,Y,2013-08-16T21:00:00Z,2013-08-16T13:31:00Z,CAL FIRE/Riverside County Fire,,Riverside,Ave 66 and Pierce Street  ,40.0,100.0,,CAL FIRE/Riverside County Fire,-116.10815,33.570291,,f23f8148-6ec4-4885-9729-0dad7c744485,https://www.fire.ca.gov/incidents/2013/8/16/pierce-fire/,2013-08-16T21:00:00Z,2013-08-16,2013-08-16,N,True,False,26.2,0.0,42.0,22.7,1.7
